{"cameraMode":{"drawMode":0,"name":"Shaded","section":"Shading Mode"},"sceneLighting":true,"audioPlay":false,"sceneViewState":{"m_AlwaysRefresh":false,"showFog":true,"showSkybox":true,"showFlares":true,"showImageEffects":true,"showParticleSystems":true,"showVisualEffectGraphs":true,"m_FxEnabled":true},"in2DMode":false,"pivot":{"x":14.452764511108399,"y":-10.71341323852539,"z":40.33939743041992},"rotation":{"x":-0.27137136459350588,"y":0.0005753319710493088,"z":-0.00016587441496085376,"w":-0.9624971747398377},"size":21.356468200683595,"orthographic":false}